{
  "acc_cls_strat_id": 1.0,
  "acc_cls_strat_id_top1": 0.3284541235273117,
  "acc_cls_strat_id_top3": 0.6508389860764013,
  "bleu-1": 19.93960841389303,
  "bleu-2": 7.987918727009149,
  "bleu-3": 4.001594898730039,
  "bleu-4": 2.3355670011496095,
  "dist-1": 3.62386822297371,
  "dist-2": 22.173165404099084,
  "dist-3": 45.902617254492576,
  "f1": 21.18069717317578,
  "f1_macro_cls_strat_id": 1.0,
  "f1_micro_cls_strat_id": 1.0,
  "length": 17.363798643341664,
  "perplexity": 15.387746810913086,
  "rouge-l": 18.022301137317452
}