epoch,global_step,step,freq_loss,freq_ppl
0,767,767,2.717576503753662,15.143577575683594
1,1533,1533,2.6850688457489014,14.659210205078125
