epoch,global_step,step,tmp_loss,tmp_ppl,mean_loss,mean_ppl,n_token_real,n_token_total,epoch_time
1,2,2,4.236301898956299,69.15161895751953,4.236301898956299,69.15161895751953,320,320,4.445564031600952
1,3,3,3.599591016769409,36.58326721191406,3.917946457862854,52.8674430847168,640,640,4.7038733959198
1,4,4,4.203988075256348,66.95284271240234,4.0132936636606855,57.56257629394531,960,960,4.946225643157959
1,5,5,4.122986793518066,65.0466079711914,4.0407169461250305,59.433584213256836,1269,1280,5.18259334564209
1,6,6,3.5073986053466797,33.36137008666992,3.9340532779693604,54.21914138793945,1589,1600,5.424295663833618
1,7,7,4.2262492179870605,68.45996856689453,3.9827526013056436,56.59261258443197,1909,1920,5.652684688568115
1,8,8,4.727584362030029,113.02216339111328,4.089157138551984,64.65397698538644,2229,2240,5.887057304382324
